<?xml version="1.0" encoding="UTF-8"?>
<beans xmlns="http://www.springframework.org/schema/beans"
	xmlns:xsi="http://www.w3.org/2001/XMLSchema-instance"
	xmlns:security="http://www.springframework.org/schema/security"
	xmlns:context="http://www.springframework.org/schema/context"
	xsi:schemaLocation="http://www.springframework.org/schema/security http://www.springframework.org/schema/security/spring-security.xsd
		http://www.springframework.org/schema/beans http://www.springframework.org/schema/beans/spring-beans.xsd
		http://www.springframework.org/schema/context http://www.springframework.org/schema/context/spring-context-4.3.xsd">
	
	<bean id="customAccessDenied" class="org.joonzis.security.CustomAccessDeniedHandler"></bean>
	<bean id="customLoginSuccess" class="org.joonzis.security.CustomLoginSuccessHandler"></bean>
	
	<security:http auto-config="true" use-expressions="true">
		<security:intercept-url pattern="/sample/all" access="permitAll"/>
		<security:intercept-url pattern="/sample/member" access="hasRole('ROLE_MEMBER')"/> <!-- hasRole('권한 이름') -->
		<security:intercept-url pattern="/sample/admin" access="hasRole('ROLE_ADMIN')"/>
		
		
		<security:form-login login-page="/customLogin" authentication-success-handler-ref="customLoginSuccess"/> <!-- 로그인 --> 
		
		<!-- 접근 제한 처리  error-page="접근 제한되면 이동할 url"-->
		<!-- <security:access-denied-handler error-page="/accessError"/> --> 
		<security:access-denied-handler ref="customAccessDenied"/>	<!-- 핸들러 객체를 태움 --> 
			
		<security:csrf disabled="true"/>
	</security:http>
	
	<security:authentication-manager>
		<security:authentication-provider>
			<security:user-service>
				<security:user name="member" authorities="ROLE_MEMBER" password="{noop}1234"/> <!--{noop} 임시 인코딩  -->
				<security:user name="admin" authorities="ROLE_MEMBER, ROLE_ADMIN" password="{noop}admin"/> <!--{noop} 임시 인코딩  -->
			</security:user-service>
		</security:authentication-provider>
	</security:authentication-manager>
	
	
</beans>
